accepted,gpa,verbal_reasoning,biological_sciences,physical_sciences,review
yes,3.7497,11.1,10.812,11.835,105.87
yes,3.7584,10.752,11.26,14.372,108.17
no,3.5927,9.1644,13.248,6.1482,85.446
yes,3.677,10.469,10.045,11.135,106.94
yes,3.8104,11.324,7.2984,8.6589,122.62
no,3.8158,8.4295,6.1769,6.2874,90.539
no,3.6794,12.943,11.735,9.7192,96.121
no,3.4326,14.09,9.2043,13.925,91.212
no,3.7438,11.213,8.3694,5.7353,101.83
no,3.7359,9.684,10.429,8.738,87.636
no,3.5106,10.256,10.777,14.752,114.87
no,3.5495,13.594,13.659,12.133,99.224
no,3.428,8.4043,10.719,8.103,110.34
no,3.3955,9.5788,10.83,12.132,95.235
no,3.2696,8.88,7.4855,9.7539,119.72
no,3.8898,10.021,13.918,7.9254,76.473
no,3.7233,8.3121,8.4941,7.3839,94.132
no,3.7953,8.5855,10.412,8.549,105.55
no,3.6971,12.198,14.464,8.721,97.854
no,3.7256,9.3878,10.775,8.2194,92.437
no,3.3679,7.917,9.1949,8.4868,89.389
no,3.4974,10.794,11.389,10.011,91.571
no,4.0348,7.8264,13.02,10.137,83.096
no,3.3616,10.238,9.2005,10.055,114.39
no,3.7041,7.6116,8.6619,5.348,103.46
no,3.4829,7.6408,6.872,10.67,130.42
no,3.8221,9.3633,13.176,10.693,101.69
no,3.5196,9.2388,11.349,7.8999,90.185
no,3.5551,9.6967,11.7,8.5692,85.109
no,3.6448,8.2672,10.95,9.1456,111.27
no,3.4724,8.9097,10.222,9.5426,97.793
no,3.5067,14.075,15.742,7.4446,82.885
no,3.48,8.7963,8.4794,12.49,72.855
no,4.23,13.856,12.346,12.272,101.45
no,3.5425,7.1109,10.887,7.4441,90.297
no,3.6036,10.595,10.681,7.2084,101.52
no,3.529,11.576,8.1338,6.6871,103.83
no,3.8899,11.882,7.069,12.993,105.59
yes,3.8977,10.606,10.08,11.151,106.39
no,3.3859,11.63,7.7175,10.889,105.01
no,3.5473,7.8456,7.0012,8.4972,111.39
no,3.2116,9.288,10.282,13.727,106.84
no,3.6545,8.9279,8.8856,10.428,118.09
no,3.7236,9.7022,14.532,12.52,94
no,3.1397,8.8965,10.348,7.2075,70.768
yes,3.7161,11.253,9.736,11.209,106.97
yes,3.687,12.606,9.4256,9.3876,101.43
no,3.6587,7.9421,10.176,7.0054,80.156
yes,4.0502,10.545,12.106,12.187,114.58
no,3.5376,12.445,12.989,10.173,101.51
no,3.3781,11.652,9.2156,12.416,96.784
no,3.6072,8.1217,7.7488,9.29,84.777
no,3.7357,9.2317,8.1406,9.5652,103.37
no,3.8253,10.708,9.7706,10.704,106.49
no,3.7132,8.3309,8.4608,7.8666,108.36
no,3.6438,10.114,9.7534,12.397,97.268
no,3.7961,10.685,13.855,9.4726,104.15
no,3.4402,11.202,9.142,11.096,86.839
no,3.7015,8.2398,8.3762,11.704,92.869
yes,3.6864,10.817,8.8739,8.277,115.7
no,3.683,10.478,9.738,11.602,110.47
no,3.3605,6.6673,9.3845,8.0344,98.998
no,3.9146,10.072,12.506,11.31,96.166
no,3.7978,12.879,13.209,9.3276,112.37
no,3.3759,5.9712,9.8521,10.417,85.845
no,3.7133,10.49,12.679,7.0749,93.592
no,3.6391,10.303,9.6925,11.448,90
no,3.8508,6.3205,11.601,8.5512,105.58
no,3.955,9.724,13.224,9.9904,93.832
no,3.5952,12.07,10.722,9.4478,98.349
yes,3.6439,8.1938,11.648,9.7259,114.6
no,3.4384,10.335,11.607,8.3068,114.7
yes,3.5887,10.424,10.368,8.552,108.98
no,3.4148,9.9828,11.697,8.6332,89.89
no,3.8957,8.2022,12.162,5.6997,112.6
no,3.576,9.0656,7.1194,13.719,111.5
no,3.7875,8.0136,11.977,13.804,96.966
no,3.3741,9.2711,10.429,9.1759,105.04
no,3.8435,10.665,9.2407,10.196,103.54
no,3.7561,10.682,14.796,13.101,93.86
no,3.4692,8.9948,9.3451,9.0067,84.052
no,3.7255,6.9513,9.7324,9.0468,113.78
no,3.5409,9.8018,8.8986,8.9486,78.617
no,3.9048,9.6109000000000009,11.847,7.655,99.697
no,3.8522,7.2483,13.434,11.738,109.3
no,3.9865,13.046,10.418,11.022,96.815
no,3.6516,8.8174,8.4196,9.8036,101.51
no,3.7688,12.377,11.235,14.959,93.709
no,3.6568,12.057,12.869,13.001,107.63
no,3.4218,8.7185,10.822,5.6392,98.553
no,3.1982,11.151,12.842,9.7378,104.2
no,3.9203,10.777,9.4914,9.8396,101.63
no,3.6814,10.53,9.471,11.86,88.229
no,3.5663,12.239,11.651,8.2251,100.39
no,3.6896,8.7081,9.1146,10.076,97.264
no,3.862,8.7679,10.545,8.6615,91.855
yes,4.0024,11.414,8.9722,12.854,115.91
no,3.7556,7.526,11.725,7.0877,101.9
no,3.932,11.731,13.923,16.007,99.905
no,3.724,8.7618,11.953,13.104,108.58
no,3.6154,10.194,8.4957,8.8059,85.37
yes,3.7444,9.8326,8.5542,12.346,113.72
no,3.7721,10.738,10.951,8.3146,76.902
no,4.0314,13.14,13.418,11.519,104.91
no,3.5992,8.1812,10.138,4.8381,97.124
no,3.7242,12.591,14.448,9.5567,106.24
no,4.0889,8.3335,10.111,9.3951,98.85
no,3.7924,8.8725,10.534,7.5553,93.924
no,3.2213,7.5934,9.7782,9.4696,92.438
no,3.532,12.178,11.933,11.857,95.103
no,3.325,9.5863,7.7813,9.5363,101.9
no,3.718,6.3254,5.7929,9.1662,95.13
no,3.4905,9.8519,7.9809,10.292,102.58
yes,3.6142,12.014,10.291,8.189,104.99
yes,3.7418,9.4387,7.0887,9.5335,95.002
yes,3.933,11.039,9.7461,9.0002,112.46
no,3.6298,8.1031,9.4481,10.675,96.263
yes,4.0268,12.304,9.3814,14.665,123.03
no,3.4926,9.2487,10.542,8.6031,85.728
no,3.8101,8.7837,10.854,11.25,96.993
no,3.2738,9.0724,10.528,9.7051,105.23
no,3.6501,12.835,13.479,6.3352,91.791
no,3.486,10.712,6.1951,8,105.46
yes,3.7138,8.8086,10.251,10.933,108.52
no,3.5682,11.82,10.87,10.301,108.51
no,3.5847,8.0775,11.385,8.3058,105.05
no,3.7503,10.46,6.8609,7.992,89.704
no,3.7058,12.018,11.141,9.0292,124.59
no,4.0391,8.1532,10.317,11.426,110.02
no,3.5565,6.211,7.4667,10.062,63.852
no,4.1241,6.4123,10.816,6.5704,105.68
no,3.8268,10.107,11.846,10.904,94.812
no,3.8593,7.9152,9.5172,4.3747,106.92
no,4.1115,7.5767,8.5265,9.4731,102.51
no,3.7435,10.353,11.185,9.6596,101.48
no,3.6923,8.217,11.165,9.9984,106.74
no,3.6679,7.5164,11.197,10.807,90.986
yes,3.9547,11.165,10.861,10.371,110.35
no,3.7005,9.494,10.615,12.778,102.78
yes,4.0502,9.9126,11.585,10.917,113.62
no,4.1737,10.819,7.9288,6.6199,88.046
no,3.663,6.1458,10.204,9.2438,99.4
no,3.7587,10.52,11.678,7.4307,109.79
no,3.8422,7.9349,9.0652,8.0322,82.149
no,3.0666,10.073,12.955,7.1609,113.15
no,3.7865,11.881,12.358,8.759,100.16
no,3.5844,8.7722,7.1147,8.6004,101.1
no,3.4243,10.219,11.422,6.9965,84.603
no,3.8246000000000002,9.9873,9.4265,11.245,107.99
no,3.433,9.935,11.256,7.0546,115.68
no,3.6652,9.7848,9.3823,11.393,105.24
no,3.4731,7.9079,9.5876,12.675,93.303
no,3.6055,8.1899,12.303,10.04,98.557
no,3.6417,7.8834,11.759,7.5439,106.67
no,3.6021,9.5514,12.502,8.9146,85.481
yes,3.9154,10.158,8.5988,11.529,122.25
yes,3.8707,9.3227,10.702,11.685,95.634
yes,3.8445,12.226,8.5712,14.602,125.95
no,3.5232,9.557,9.8751,8.1727,82.61
no,3.4293,8.4701,8.2754,10.254,90.835
no,3.8418,10.176,9.8457,9.5712,86.573
yes,3.772,8.8103,9.2396,10.734,118.07
yes,4.1013,10.445,9.6995,9.5306,104.88
no,3.7049,9.4591,11.828,9.4624,93.87
no,3.6025,8.2268,9.0839,10.512,103.78
no,3.8529,9.3721,12.36,7.1027,102.63
no,3.6014,12.498,10.018,12.104,108.06
no,3.7428,11.61,10.737,10.541,94.58
yes,3.7745,9.1271,12.451,9.7184,119.11
no,3.532,11.657,11.73,8.9148,102.32
no,3.53,9.0502,10.327,8.3934,86.224
no,3.7407,8.8883,13.589,12.534,93.215
no,3.7481,8.2642,7.5517,9.5976,96.686
no,3.5312,9.8527,9.0199,8.2865,117.7
no,3.8943,10.063,12.194,14.556,111.04
no,3.5247,7.1682,5.7474,6.4571,107.64
no,3.5245,12.069,9.974,7.88,108.05
no,3.3911,11.056,9.2659,13.468,94.24
no,3.7267,6.3353,9.2874,14.202,90.529
no,3.6286,11.055,14.04,8.9443,91.667
yes,3.8338,9.5899,6.7341,10.482,104.67
no,3.9384,8.9696,11.686,6.0639,97.656
no,3.8635,10.034,12.056,13.761,112.6
no,3.9091,10.334,13.075,9.149,117.19
no,3.8168,10.697,11.77,10.743,94.148
no,4.1757,10.745,12.039,12.093,104.66
no,3.7141,10.654,11.48,10.906,90.412
no,3.612,9.6589,14.548,10.724,107.88
no,3.7095,8.8337,15.113,9.8653,103.14
no,3.8673,12.915,9.0698,8.6916,98.149
no,3.6732,9.7365,12.352,9.72,79.548
no,3.5264,11.257,11.925,7.2063,93.629
no,4.0069,8.8966,11.165,7.9342,103.96
yes,3.6655,9.5227,9.8883,13.699,102.16
yes,3.6753,8.8954,10.643,12.794,112.63
no,3.4363,9.8909,9.4442,11.679,105.76
no,3.5869,6.8551,9.8757,8.9443,103.07
no,3.7627,9.3158,9.4633,8.4458,93.667
no,3.3822,10.859,10.528,11.498,89.127
yes,4.0811,11.535,8.9469,11.049,103.28
no,3.3751,11.994,9.4108,8.6392,103.73
no,3.8259,10.157,10.992,10.775,96.919
no,3.4081,9.4997,11.708,8.9601,98.539
no,3.6406,8.7414,14.461,12.922,108.98
no,3.8926,10.434,12.34,9.6675,103.2
yes,3.85,12.391,10.987,11.595,125.43
no,3.8557,8.5196,6.5162,9.923,95.046
no,3.7146,5.5544,7.8699,8.5981,102.95
no,3.6508,10.268,10.468,13.195,101.06
yes,3.7161,11.578,8.5998,12.296,114.55
no,3.6784,10.394,10.487,11.282,90.225
yes,3.8228,11.558,12.239,10.917,108.64
no,3.436,10.342,10.688,8.8121,77.969
no,3.8594,9.7685,10.385,8.3735,85.86
no,3.9999,9.6757,9.9789,10.536,91.986
no,4.0144,9.6932,10.726,8.246,90.381
no,3.6559,8.1981,10.432,9.5078,91.054
no,3.7844,7.7378,6.8723,9.0585,125.92
no,3.4206,7.0457,9.9735,8.1571,90.895
yes,4.1291,8.7826,9.8484,8.7968,94.287
no,3.419,9.8984,8.3922,11.98,108.15
no,3.8079,7.3628,5.4686,7.9082,116.78
no,3.7678,6.7809,9.9621,8.8744,77.344
no,3.7814,8.3275,11.525,10.618,93.978
yes,3.8559,9.9962,9.8931,11.048,110.8
no,3.2602,9.355,11.31,8.7737,76.823
no,3.5588,9.5569,10.763,7.8549,98.016
no,3.64,10.16,9.7239,9.5078,97.379
no,3.6728,9.5122,8.104,10.403,105.22
no,3.2905,12.284,8.6081,10.24,100.55
no,3.7831,10.738,8.4866,8.392,108.71
no,3.4566,12.104,15.757,4.3434,88.043
yes,3.9629,10.284,12.229,12.498,105.81
no,3.7489,11.795,11.291,9.095,111.91
no,3.8794,12.395,12.293,8.865,93.188
no,3.7455,12.11,8.7783,11.737,86.24
no,3.7352,11.516,10.83,9.8461,101.85
no,3.6254,10.315,12.717,8.7446,105.51
no,3.8314,10.401,11.686,11.306,98.801
yes,3.5211,11.269,12.635,9.6731,117.2
no,3.9877,11.007,13.127,9.0149,109.68
no,3.5842,11.921,8.4591,10.146,108.56
no,3.9702,9.8723,5.4521,6.8331,97.823
no,3.5011,9.6673,11.307,5.8964,100.17
no,3.4055,9.6615,8.3978,9.0086,113.42
yes,3.8825,12.059,13.144,8.9804,106.71
no,3.808,7.7562,9.9067,9.032,96.705
no,3.4875,8.4226,8.0321,10.752,107.19
no,3.4029,9.8417,7.4697,8.9263,94.128
yes,3.7185,13.178,8.577,12.912,108.08
yes,3.8262,11.352,11.011,9.1962,111.82
no,3.8745,6.6725,8.7861,11.229,83.848
yes,3.716,9.4724,10.358,9.6137,111.72
no,3.3268,8.6556,8.3609000000000009,9.5401,85.284
no,3.5236,9.0765,8.8768,12.668,84.164
no,3.8459,12.137,11.25,9.7206,102.29
no,3.6423,9.4923,9.3889,15.25,111.96
yes,4.0053,11.235,9.3388,12.622,116.41
no,3.8125,10.926,13.192,8.2758,98.947
no,3.5557,10.026,11.256,9.3145,111.83
no,3.492,9.2249,9.0608,10.096,93.834
no,3.3865,8.8445,7.6205,13.637,104.9
no,3.8095,10.398,12.022,9.1536,98.854
no,3.5975,9.5798,9.7723,11.865,96.187
no,3.5783,9.7619,7.9846,13.931,110.5
no,3.632,10.749,13.206,12.884,91.94
no,3.7207,8.1707,12.132,12.541,87.32
no,3.8447,10.338,10.986,8.8969,106.13
no,3.7455,11.53,11.517,8.6142,107.48
no,3.3377,9.5244,9.9818,11.09,80.296
yes,3.7993,10.487,10.356,13.987,118.49
no,3.9699,10.068,9.691,8.4562,105.47
no,3.4804,9.1582,10.142,7.2794,79.909
no,3.5786,8.2902,8.4566,7.1771,115.7
no,3.8105,9.7305,10.278,10.659,86.113
no,3.403,12.558,9.125,7.7451,112.75
no,3.3588,9.8404,10.705,10.254,92.43
no,3.8713,9.4651,11.2,8.1524,87.182
no,4.2073,8.4549,8.8875,10.129,96.919
no,3.9397,9.4055,12.558,10.099,111.7
no,4.227,11.177,10.986,8.8613,114.49
no,3.7508,8.2882,8.4015,12.402,110.31
no,3.901,6.2874,7.5402,9.0949,86.067
no,3.728,9.7024,8.3361,11.213,98.691
no,3.5633,9.3608,9.8733,9.5996,82.995
no,3.9113,11.219,6.9226,10.026,114.09
yes,3.6441,12.166,5.2646,10.366,108.78
no,3.6418,13.131,10.575,10.436,105.03
no,3.4425,10.338,10.865,12.028,79.763
no,3.4591,8.1157,10.198,9.7423,91.659
no,3.6939,11.443,12.275,8.3399,91.874
no,3.8495,8.6676,8.1995,9.5995,82.977
no,3.826,9.085,9.8265,13.97,81.154
no,3.961,11.501,13.9,10.024,91.403
yes,3.8322,8.9571,12.494,8.0145,123.44
no,3.53,10.282,9.9726,8.9623,97.954
no,4.1379,10.004,7.303,8.8744,91.459
no,3.7232,12.827,6.6421,9.1304,108.15
no,3.6881,9.3697,14.132,7.3952,90.231
yes,4.0798,9.1784,8.5131,10.782,101.87
no,3.7363,10.759,11.825,13.722,109.38
yes,4.0435,11.52,8.4847,13.761,106.89
no,3.5193,11.498,9.6985,9.2488,120.57
no,3.8493,8.5674,11.839,11.573,93.598
no,3.6088,11.669,9.2647,10.051,89.401
no,3.6911,9.4262,13.258,8.3544,97.505
no,3.8418,11.602,7.8523,13.095,102.57
no,3.7438,7.5784,8.1683,10.491,89.414
no,4.0443,12.313,10.866,7.8469,74.943
no,4.0813,10.242,10.107,7.7697,109.27
no,4.1193,10.334,12.743,9.5001,98.987
no,3.8774,8.2165,11.694,10.316,86.061
no,3.2923,10.883,11.811,12.498,92.646
no,3.7968,10.67,12.557,8.9831,100.79
yes,3.7417,8.5958,7.5007,9.6369,100.25
yes,3.8403,9.1338,10.562,12.648,111.79
no,3.787,11.647,10.003,10.862,79.325
no,4.0296,10.518,8.9489,9.2762,100.51
no,3.5465,7.9083,11.376,14.317,98.569
no,3.829,8.8022,6.7696,6.5481,78.503
no,3.5202,9.2487,14.092,10.806,85.223
no,3.5102,11.771,12.366,11.652,89.399
no,3.6494,6.7292,10.275,6.1019,93.973
yes,3.9123,12.329,13.053,12.635,118.9
no,3.6192,6.2493,7.8626,7.007,101.68
no,3.7178,10.056,8.7981,7.037,84.189
no,3.6985,6.8213,8.2859,8.537,90.885
no,4.2625,7.0834,11.633,8.8917,103.6
no,3.7549,6.3972,10.775,14.55,94.117
no,3.5837,6.2508,8.4304,4.5613,90.281
no,3.8883,8.4506,9.6219,10.212,95.002
yes,3.8386,9.0637,8.5013,12.522,114.1
yes,3.8251,7.9462,7.8022,8.2736,103.75
no,4.0348,9.9932,12.955,8.0496,89.629
no,3.8353,8.3181,8.5746,10.004,92.645
no,3.5298,7.469,8.1228,9.6289,94.631
no,3.9189,13.537,8.3362,6.8449,114.46
no,3.9348,9.1642,12.146,10.13,139.37
yes,3.9424,12.129,11.753,10.128,102.11
no,3.5912,9.3776,13.634,8.4082,81.346
yes,3.8004,10.596,6.5263,13.371,114.73
no,3.8195,6.4455,12.247,8.2289,105.56
yes,3.7067,8.8938,12.837,11.825,110.35
no,3.6703,10.593,6.4243,5.7861,121.72
no,3.539,12.954,14.548,11.958,111.56
yes,3.669,10.345,8.0804,6.8496,109.87
no,3.4426,8.9134,9.9031,5.8907,81.926
no,3.6211,9.2535,10.83,11.491,106.34
no,3.9103,11.907,11.88,7.2152,113.66
no,3.8075,7.4299,11.201,11.086,101.06
no,3.7405,7.7956,11.129,12.386,92.887
no,3.5155,9.4264,10.595,5.5533,116.32
no,3.8042,9.1649,11.366,10.436,110.56
no,3.6138,11.929,10.315,7.6123,96.253
no,3.8356,7.2493,9.8054,7.8508,94.906
no,3.6142,11.351,9.0759,9.1559,85.536
no,3.6039,10.517,12.26,9.1016,74.311
no,3.626,8.0308,9.4831,6.3388,99.125
no,3.6,4.9353,9.0059,9.2653,103.1
no,3.8797,7.2614,12.307,6.6572,101.46
no,3.8515,9.1263,10.468,8.2757,94.488
yes,3.7378,10.671,8.5311,8.0336,116.22
no,4.1027,10.185,11.798,8.631,109.86
no,3.5879,9.5495,13.718,9.0485,88.602
no,3.4116,10.72,11.517,10.984,96.959
yes,4.1468,12.242,11.926,10.741,109.54
yes,3.5986,11.425,11.501,6.6583,117.26
no,3.7498,6.6748,9.9242,6.5056,95.101
no,3.5122,7.2901,6.2787,8.6918,89.016
no,3.4195,11.401,11.789,6.0171,98.84
no,3.4949,8.874,10.545,8.0193,82.684
no,3.8182,9.8174,10.6,8.5042,97.387
yes,3.9087,9.2473,6.7741,6.7498,109.2
no,3.4494,9.6671,10.92,7.8675,98.703
no,3.8656,11.34,9.8488,12.639,90.218
no,3.8622,12.59,11.242,7.7444,95.976
no,3.6069,9.3667,7.3159,8.7297,83.137
no,3.3676,9.2747,9.3634,11.439,93.317
no,3.4652,9.0599,13.342,11.595,104.57
no,3.6584,6.5167,10.703,13.499,105.45
no,4.0242000000000004,10.348,13.763,12.982,96.218
no,3.9584,8.9079,10.35,17.159,101.24
no,3.6672,9.7074,10.953,14.106,97.871
yes,3.8697,9.8549,9.5997,9.6437,112.2
no,3.5831,9.8705,12.755,8.87,84.745
no,3.4023,7.6414,9.5704,10.611,92.71
no,4.1396,10.378,6.7843,13.016,107.92
no,4.1554,11.088,11.434,12.362,91.018
yes,3.68,10.624,13.643,10.949,93.311
no,3.7841,7.7204,13.243,10.715,95.271
no,3.5297,11.569,13.954,13.214,112.05
no,3.7067,9.3576,10.778,11.398,97.08
no,3.9635,8.4262,8.2752,7.9461,105.17
no,3.4355,9.9492,5.7349,10.968,98.792
no,3.6146,10.179,9.4899,6.6956,92.111
yes,3.869,10.102,10.308,11.145,103.16
no,3.9382,8.9213,8.3452,11.05,87.35
no,3.8077,10.939,9.5624,8.0223,93.726
no,3.6721,7.1756,10.255,8.7515,88.709
no,3.7598,9.2609,13.099,11.156,73.739
no,3.7359,10.767,13.233,10.996,91.139
no,3.966,10.31,10.424,7.3644,78.12
no,3.4581,10.682,11.944,10.836,104.59
yes,3.9683,6.4759,11.477,6.8315,116.71
no,3.7904,10.479,9.3213,10.218,84.687
no,3.8288,7.9566,8.513,11.084,81.868
no,3.5477,8.0192,6.8813,10.917,97.072
no,3.8541,10.409,11.874,12.244,89.191
no,4.2531,11.656,12.766,7.2197,85.012
yes,3.9463,8.7824,9.3795,10.815,109.69
no,4.092,13.165,12.269,7.7934,103.86
no,3.727,11.156,9.4507,9.903,116.13
no,3.5232,7.0241,7.0513,12.839,90.237
no,3.6802,8.5272,11.4,8.3377,103.24
no,3.6786,4.3074,7.224,8.5219,82.192
no,3.659,10.854,7.043,7.0489,79.696
no,3.6117,9.7096,11.008,5.15,120.36
yes,3.5584,9.857,11.958,11.624,103.35
no,3.7064,7.7363,8.0145,9.0936,94.39
no,3.7431,9.2829,8.0933,5.9216,104.03
no,3.3763,11.221,14.358,9.6724,103.8
no,4.1632,8.3232,15.128,11.719,97.574
no,3.6921,10.349,8.2682,7.855,86.574
no,3.5012,6.7007,5.5884,12.009,99.943
no,3.5143,10.912,8.6311,7.7981,86.731
no,3.7109,9.2313,10.073,10.676,103.01
no,3.6029,12.029,9.4925,8.635,98.394
no,3.7671,7.2354,8.7804,5.9612,99.885
yes,3.8689,9.0143,7.4595,7.2366,111.89
no,3.5747,5.9623,7.2696,8.2694,90.81
yes,3.8839,12.028,11.118,14.023,100.22
no,3.7888,8.1439,10.617,7.2612,88.501
no,3.4085,7.857,9.1862,10.133,109.75
yes,3.8659,13.42,12.051,13.621,116.95
no,3.9001,9.0153,9.8816,7.6363,85.993
no,3.6633,8.2757,10.902,9.0373,93.658
yes,3.8654,11.679,6.9781,12.706,118.85
no,3.8009,5.7576,10.961,9.895,79.662
no,3.3667,11.9,13.499,7.3289,84.799
yes,3.8626,9.8352,11.111,12.595,112.02
no,3.8047,10.292,11.312,11.853,99.334
no,3.5653,9.6655,10.306,9.728,99.697
no,3.9057,10.628,15.325,12.856,98.978
no,3.7381,9.4497,12.094,12.016,113.58
no,3.9342,10.206,10.521,10.803,92.402
yes,3.4986,11.989,9.9264,11.232,101.42
no,3.1721,6.6363,7.7184,9.8701,83.95
yes,3.7093,11.973,9.2731,8.9797,110.85
yes,3.7724,12.058,12.308,9.707,102.29
no,3.7228,10.597,10.363,11.018,74.223
no,3.6238,12.417,11.959,8.7939,108.08
no,3.4639,10.135,10.392,14.577,112.54
no,3.7593,12.181,13.016,11.786,84.248
no,3.8585,10.036,9.2184,8.1965,94.849
no,4.1586,11.494,11.833,10.125,98.157
no,4.1391,10.166,10.061,8.0322,105.48
no,3.9802,11.975,12.738,6.3924,90.539
no,3.7059,9.9706,11.701,16.773,97.071
no,3.5289,8.7703,9.5155,8.7592,98.355
no,3.4436,9.9016,12.019,9.8956,112.85
yes,3.6871,10.087,7.7635,8.1921,120.77
no,3.6837,9.9395,14.557,9.7214,82.16
no,3.6266,10.011,10.582,11.37,75.926
yes,3.7585,9.9053,12.31,9.7278,97.216
yes,3.9785,11.802,11.298,8.6985,104.11
no,4.0364,10.284,13.358,10.091,104.35
no,3.6893,8.1977,8.2478,8.2695,99.52
no,3.6207,8.6363,7.4922,8.1934,93.087
no,3.8443,8.2931,12.053,12.721,105.81
no,4.0319,11.379,10.845,9.5159,91.521
no,3.7267,5.2368,12.552,8.6345,115.14
no,3.8138,11.607,9.7643,8.7011,87.643
no,3.9841,8.8383,5.3102,11.046,106.09
no,3.6681,9.047,8.3428,13.885,99.915
yes,3.6611,9.3317,12.345,12.057,118.39
no,4.0412,9.0206,10.461,10.97,97.597
yes,3.809,9.8404,12.51,8.893,109.58
no,3.7986,10.002,11.093,10.318,101.88
no,3.5432,10.895,11.418,12.646,85.409
no,3.8399,7.7898,9.9888,12.789,99.63
no,3.715,9.9741,12.561,6.3407,110.14
no,3.817,10.186,9.8804,10.017,95.177
no,3.6447,11.287,9.7101,8.7327,81.23
no,3.3995,8.0133,10.177,10.899,110.04
yes,3.6708,9.9686,11.384,9.6405,130.28
no,3.4693,10.444,11.619,8.5975,70.706
yes,4.0995,11.843,10.068,11.095,116.79
no,4.0872,10.115,12.37,7.527,110.44
no,3.5485,10.144,8.8559,7.6323,101.18
no,3.6688,11.424,11.389,7.8281,109.68
no,3.7926,8.5822,9.2027,15.919,89.084
yes,4.0245,9.9657,10.142,11.806,103.99
no,3.6656,8.7303,8.9025,12.13,117.8
no,3.8058,9.5488,9.5066,6.8755,98.798
no,3.7966,10.399,9.0482,10.204,118.65
no,4.1184,8.1899,11.319,8.9007,82.109
no,3.6668,10.86,11.763,11.273,80.749
no,3.1446,9.3246,10.09,7.2794,94.534
no,3.4797,6.5924,6.5139,9.8444,106.85
no,3.5226,12.811,12.778,10.69,99.928
no,3.5182,7.2173,7.9922,5.1919,86.795
no,3.9427,11.039,12.239,14.16,80.24
no,3.7481,8.8543,13.448,10.773,99.547
no,3.7467,9.5945,9.1334,8.178,108.06
yes,3.704,11.427,11.275,10.26,112.39
no,3.7673,10.056,9.0708,7.4131,93.945
no,3.5763,11.678,12.32,9.7927,115.53
no,3.6409,11.179,9.7989,8.1398,81.941
yes,3.198,9.2486,8.5669,10.602,101.55
no,4.0627,5.9597,9.8482,11.71,83.092
no,3.5548,8.3595,12.774,10.933,89.709
no,3.7452,11.019,10.605,7.1371,98.077
no,3.4428,13.23,10.066,12.282,100.42
no,4.1883,12.757,10.695,6.8972,108.28
no,3.3873,6.9839,6.5682,5.8546,88.875
yes,3.7148,9.5474,10.206,8.8461,112.82
no,3.5639,12.773,12.335,10.713,97.943
no,3.4898,11.32,8.4102,9.5586,91.015
no,3.642,11.807,8.0025,9.5418,103.49
no,3.7857,6.11,7.9095,12.857,104.93
no,3.763,9.8625,10.411,7.5232,98.729
yes,3.8138,12.942,8.1753,10.753,118.06
no,3.4692,9.959,12.319,6.2104,102.5
no,3.4707,7.2917,9.1192,6.0738,84.521
yes,3.9137,10.28,9.5976,9.846,115.92
yes,3.8466,10.842,12.627,11.411,108.76
no,3.8642,8.7593,10.267,8.2434,90.36
no,3.886,10.556,9.584,5.7586,107.67
no,3.8268,10.644,10.887,8.0253,94.12
no,3.8455,13.595,9.7186,8.7931,126.53
no,3.4338,7.363,11.23,7.4015,106.81
no,3.634,7.8752,11.248,8.3104,95.903
no,3.8758,12.71,9.8045,8.3924,94.963
no,3.3014,9.0181,5.7915,7.9769,101.7
no,3.7154,7.1574,10.048,8.458,110.52
no,3.4622,9.9903,10.26,10.054,98.827
no,3.4838,6.8061,11.305,10.583,101.44
no,3.4517,12.036,9.8022,11.02,99.5
no,3.4697,8.3913,7.2906,9.0576,100.76
yes,4.2079,9.7962,8.1366,11.124,106.76
yes,3.5929,8.8244,10.552,7.8991,99.406
no,3.7755,8.0719,9.9988,8.2154,86.608
no,3.2195,10.858,9.8722,7.36,105.39
yes,4.0375,8.5749,12.214,8.1637,108.49
no,3.9559,11.238,10.675,10.236,93.461
no,3.5907,7.982,10.429,13.215,91.978
no,3.5856,9.8794,8.5658,7.1797,88.483
no,3.8964,8.8464,12.185,8.4958,86.138
no,3.5061,8.4012,7.8645,4.6403,98.431
no,3.6106,7.9613,11.99,7.938,95.537
no,3.6806,10.464,11.821,7.1814,91.144
no,3.8728,4.366,10.064,6.9696,98.61
no,3.914,12.959,9.9009,7.9031,98.129
no,3.4696,8.6024,7.7643,8.494,97.379
no,3.3458,8.1614,8.5738,6.1841,107.25
yes,3.8079,12.837,14.439,11.8,99.222
no,3.382,10.847,7.799,7.9639,99.816
yes,3.5999,12.717,14.366,11.298,108.69
no,3.6956,7.4833,11.401,11.117,106.47
no,4.1479,7.2918,11.151,5.631,106.55
no,3.2914,8.3527,9.0859,10.094,94.635
no,3.9443,9.0225,8.3126,10.667,109.32
no,3.651,10.663,9.3763,8.5816,95.207
no,3.9616,7.4976,8.0251,8.9384,93.063
no,3.5547,10.169,11.88,8.252,79.778
no,3.7653,9.7257,11.965,11.056,96.93
no,3.7649,10.382,8.4823,9.0523,102.02
yes,3.9204,9.8133,9.3123,9.6498,120.5
yes,3.9261,11.937,11.575,8.1035,111.04
no,3.8634,8.2509,12.545,10.615,103.3
no,3.8152,11.402,12.565,11.767,102.85
no,3.3712,6.9079,11.392,10.56,97.577
yes,3.7479,10.233,8.8013,9.4541,103.73
yes,3.8439,10.773,8.1989,12.337,107.01
no,3.6226,9.937,11.354,12.008,83.9
no,3.6273,9.4647,13.179,7.0498,90.001
no,3.6417,11.355,9.915,6.9897,92.721
yes,3.6313,10.121,13.057,8.2681,112.68
no,3.6449,11.812,8.9989,11.985,92.288
no,3.6483,7.7641,13.031,14.35,112.31
no,3.7225,8.7984000000000009,10.283,7.5248,111.6
no,3.6555,8.6557,10.946,8.9704,92.65
no,3.7358,10.31,10.837,9.5409,92.144
no,3.5194,6.7563,11.227,6.3239,103.52
no,3.554,9.8453,10.933,4.7318,99.679
no,3.3981,8.5666,12.247,11.196,77.201
yes,3.6282,11.533,12.922,12.263,119.82
yes,3.8434,10.891,11.17,12.497,119.41
no,3.77,8.3782,13.205,9.794,103.83
no,3.5693,10.2,7.7611,12.55,97.836
no,3.9386,8.8807,10.014,14.879,94.655
no,3.7281,9.0359,8.2193,11.233,81.972
no,3.5088,9.1399,10.203,9.2566,91.325
no,3.4751,7.8609,7.1201,10.562,82.039
no,3.6256,10.728,13.246,11.952,109.69
no,3.9078,8.8453,9.188,8.8579,93.304
yes,4.0002,10.75,10.667,12.731,109.67
no,3.6848,9.194,10.61,9.9148,82.49
no,3.7329,6.4889,6.6698,10.798,98.793
no,3.5883,7.1615,9.0044,8.39,104.54
no,3.5567,10.307,12.811,12.012,107.76
no,3.364,12.47,8.0632,7.7514,98.336
no,3.7927,9.7462,8.1824,9.722,87.451
no,3.6711,9.6252,7.372,7.5656,99.863
no,3.9457,9.6375,10.205,11.999,107.65
no,3.6345,10.105,10.963,8.1925,73.138
no,3.4903,11.871,8.442,8.0495,93.636
yes,3.565,10.964,8.8809,8.0643,110.18
no,3.6859,7.8702,13.632,8.0619,117.29
no,3.8673,10.204,9.8828,8.4803,103.9
no,3.3018,10.529,12.734,8.8811,100.19
no,3.5046,11.921,14.699,9.4951,91.626
no,4.2566,11.182,11.631,7.4436,90.204
no,3.6019,11.339,9.8593,14.489,127.34
no,3.7903,10.987,10.121,14.093,84.62
no,3.6347,10.457,12.141,15.74,99.476
no,3.8954,7.9909,8.4113,6.3541,113.65
no,3.8762,8.3233,12.48,14.858,104.48
no,3.5914,13.355,10.327,15.048,83.437
no,3.9748,9.7282,10.548,8.7159,76.72
no,3.5941,9.8628,9.8325,6.897,98.846
no,3.6684,8.8706,11.041,8.1014,65.589
no,3.704,9.559,10.388,9.1092,92.063
no,3.7802,10.706,7.9955,8.2068,107.74
yes,4.0278,11.342,13.741,12.514,119.98
no,3.8968,6.3608,8.2084,12.385,91.912
no,3.8516,9.8292,10.752,10.61,92.443
no,3.9242,11.723,12.047,9.3083,95.411
no,3.5253,7.6322,7.902,8.4389,82.683
no,3.3056,11.877,8.0019,6.405,105.1
no,3.6607,8.105,14.576,11.614,86.557
no,3.9648,11.835,10.163,11.945,82.029
no,3.4998,9.5285,13.732,9.6886,106.62
no,3.7354,13.059,13.566,10.24,116.16
no,3.8334,7.6573,10.447,5.6879,97.031
yes,3.622,9.4116,9.4829,11.685,100.28
no,3.66,9.5301,9.668,9.983,105.18
no,3.534,9.1262,8.6782,10.698,88.344
no,3.7045,10.111,10.984,10.448,117.87
no,3.8479,9.821,13.873,11.174,103.01
no,3.6009,12.309,10.364,6.9571,105.09
no,3.6418,8.8769,12.124,7.1479,86.339
no,3.3801,7.3655,6.2391,6.5352,84.472
no,3.7371,11.971,10.311,9.1242,104.22
no,3.6924,5.721,10.246,11.136,88.683
no,3.8536,7.815,4.8344,7.6467,78.113
no,3.5181,10.885,11.817,8.1666,98.824
no,3.5194,8.7867,10.456,8.6362,98.001
no,3.6441,7.241,11.544,8.8305,88.391
no,3.6282,9.8659,12.978,7.4924,105.44
no,3.3567,7.6532,11.853,11.134,111.01
no,3.8461,10.423,10.211,5.9092,124.24
no,3.6568,8.1839,9.658,7.6449,93.981
no,4.0881,9.4336,10.024,6.1218,81.358
no,3.7716,14.528,11.831,11.847,91.656
yes,4.1676,11.024,12.416,10.738,115.37
no,3.6194,10.328,10.822,7.9191,95.678
no,3.4959,7.8538,11.319,10.067,94.265
yes,3.9095,10.2,13.223,12.666,122.72
no,3.6199,7.184,7.8842,10.086,85.655
yes,3.9593,9.7304,12.764,12.294,96.191
no,3.8202,10.94,10.431,11.338,110.14
no,3.5404,8.1258,8.6579,9.9286,108.8
no,3.6202,9.2958,9.0394,13.416,88.947
no,3.9516,8.659,11.675,12.44,108.08
no,3.5249,10.878,11.218,4.7717,101.48
no,3.768,10.398,13.553,10.43,100.84
no,3.6141,9.837,8.0849,4.7899,78.653
no,3.3191,10.274,10.954,13.069,88.833
no,3.4245,10.578,10.191,8.3279,84.4
no,3.4271,11.043,11.449,10.578,102.49
yes,3.7324,9.2925,4.7654,10.23,115.07
no,3.6615,8.9217,13.975,9.2001,85.551
no,3.365,8.6811,9.6074,5.4136,90.519
no,3.8366,9.3669,12.453,8.6228,106.63
no,3.3208,10.915,11.588,9.1607,100.72
no,3.6747,9.741,9.7206,7.6679,98.503
no,3.8773,10.797,8.3305,10.909,86.372
no,3.7311,10.861,8.9392,8.2797,110.06
no,3.6454,13.73,12.348,8.5978,106.74
yes,3.8942,10.391,9.4184,12.05,108.86
no,3.945,12.308,13.04,10.338,112.41
yes,3.674,8.9736,10.012,8.7732,112.13
no,3.3431,9.23,9.4154,10.449,87.149
no,3.7141,14.453,11.754,10.602,87.887
no,3.9931,12.399,13.782,8.6221,95.274
no,3.7473,9.4363,8.1161,11.399,73.625
no,3.9333,14.699,15.841,13.023,86.461
no,4.0592,8.1485,10.714,8.9106,78.207
no,3.5821,6.8303,7.5444,9.7374,68.857
no,3.6144,7.6548,7.7511,11.499,96.672
no,3.132,9.0011,12.552,10.268,94.158
yes,3.6586,7.3729,10.368,8.3561,107.44
no,3.6316,12.109,11.893,10.335,94.76
no,3.7137,8.9145,10.476,5.399,115.92
no,3.8477,10.056,11.654,13.468,95.061
no,3.6244,10.792,10.356,11.623,102.16
no,3.9808,8.3868,10.879,12.73,108.15
no,3.7584,9.2812,6.0199,7.1284,90.129
no,4.061,9.3618,10.249,8.3341,112.51
no,3.9128,8.9653,14.585,7.3787,113.37
yes,3.3692,10.742,10.517,8.4693,111.46
no,3.6057,4.9554,11.215,12.092,95.282
no,3.664,9.0417,10.923,8.2386,93.186
no,4.0229,12.256,11.418,7.7149,106.9
no,3.5453,8.5663,7.8514,12.414,99.244
no,3.7502,9.987,12.936,9.6091,96.632
no,3.9005,10.131,9.1824,8.9411,84.63
no,3.6985,4.6411,5.2494,11.02,99.02
no,4.062,8.5334,9.6209,7.7931,107.12
no,3.6207,12.503,12.184,10.473,85.546
yes,3.9438,11.578,10.532,13.864,107.36
no,3.4692,8.2877,8.9915,7.8537,100.5
no,3.7114,12.273,11.513,8.8585,98.858
yes,3.8694,10.064,10.349,15.244,123.39
yes,3.95,12.11,11.579,12.016,106.79
yes,3.6414,12.275,10.599,4.9598,107.06
no,3.7639,8.4758,8.4947,8.3738,109.13
no,3.7264,11.659,13.924,12.457,75.516
no,3.5114,7.0338,4.6342,6.866,91.403
no,3.5341,8.0333,8.5942,9.8821,93.032
no,3.5932,11.514,10.234,8.5418,98.209
no,3.5567,10.778,10.088,9.1042,115.07
no,3.7336,7.668,12.482,7.0992,108.76
yes,3.7864,9.9693,9.2069,9.4795,106.76
no,4.0186,9.3067,7.5383,14.435,103.69
no,3.8247,11.258,10.888,6.3114,67.346
no,3.6701,8.3818,10.586,11.825,117.66
no,3.668,10.425,9.4824,8.8526,84.821
no,3.7102,9.7818,10.145,9.8386,106.74
no,3.3984,12.756,10.646,11.823,95.339
no,3.9905,13.113,9.4448,10.766,84.653
no,3.7672,11.487,8.8965,11.887,66.452
no,3.4772,7.5189,9.5608,10.589,93.933
no,3.4878,12.555,10.159,7.2992,81.675
no,3.5784,11.06,9.8941,6.5014,99.428
no,4.2243,9.4127,7.5038,8.7399,103.94
yes,3.5341,11.175,11.317,12.753,111.25
no,3.839,9.2909,8.5145,5.4543,86.651
no,3.4111,10.844,12.348,10.849,104.74
yes,3.8618,10.768,8.6626,13.195,110.13
no,3.6495,10.591,11.839,12.975,83.764
no,3.4989,8.2773,8.695,10.293,100.14
no,3.9885,10.271,10.665,12.31,85.902
no,3.5405,6.5297,8.3655,9.5216,105.74
no,3.7228,10.709,10.015,11.516,99.377
no,3.7327,8.6299,6.3561,8.643,107.96
no,3.7555,10.707,7.6207,9.0842,95.008
no,3.4796,9.797,11.422,10.629,93.551
no,3.8741,10.211,9.5517,12.148,102.56
yes,3.6479,12.946,9.0076,9.2654,117.42
no,3.6137,11.65,11.493,12.496,115.37
yes,3.7623,12.928,10.55,11.591,109.96
no,3.6014,9.8669,10.2,8.0311,104.91
yes,3.864,10.316,11.556,11.223,117.83
no,4.079,9.706,12.623,8.4891,106.51
yes,3.928,11.283,9.4189,11.643,122.95
yes,3.654,11.065,8.0186,9.4603,110.73
no,3.9489,9.2205,7.2107,9.2836,91.908
yes,3.711,10.604,9.9423,10.019,113.71
no,3.7532,12.19,5.9763,8.0795,86.149
no,3.676,11.905,12.09,11.009,90.864
yes,3.6616,10.522,13.524,13.385,108.01
no,3.7038,8.3002,13.211,12.113,98.867
no,3.5785,9.3858,12.313,6.5506,117.06
no,3.9167,11.841,9.2853,13.245,127.71
no,3.7138,7.2303,9.5596,8.5561,93.392
no,3.7167,9.5708,9.6422,5.016,105.21
no,3.8657,12.53,9.5914,7.4146,96.771
yes,3.8133,9.8233,9.288,11.48,103.61
no,4.0527,8.6961,11.632,9.694,85.397
no,3.9801,7.6507,11.509,9.3061,116.9
no,3.8355,9.8698,9.69,9.6611,95.546
no,3.8555,10.996,11.563,7.8968,105.76
yes,4.0343,8.4689,9.4698,10.898,103.72
no,3.4108,8.3761,10.843,12.493,111.84
no,3.83,8.1649,13.467,8.1197,93.329
yes,3.9983,9.6873,5.0119,9.0006,119.57
no,3.7988,12.547,10.075,10.27,83.176
no,4.1299,8.411,9.1955,9.6192,105.44
no,3.6651,9.563,9.5008,8.3278,110.21
no,3.8624,6.9115,7.5775,11.649,86.741
no,3.9266,7.5833,12.577,13.934,97.106
no,3.5067,9.3411,10.805,9.4026,78.639
yes,3.6134,9.1667,7.1344,6.4556,107.06
no,3.8607,9.5758,7.8541,8.923,104.68
no,3.8991,11.2,11.06,11.693,95.382
no,3.8903,8.7757,9.1761,9.7405,99.037
no,3.5934,10.452,11.061,13.876,101.49
no,3.4085,7.7087,9.8859,7.6403,108.5
yes,3.6199,12.157,8.9692,8.4175,110.5
no,3.855,10.406,9.4189,13.709,100.72
no,3.6052,11.268,11.271,12.887,87.083
yes,3.6448,10.964,7.8503,13.842,107.27
no,3.5029,10.265,11.252,7.4656,116.95
yes,3.9781,12.846,9.1562,11.555,113.11
no,3.8801,8.6991,7.2693,11.502,89.817
yes,3.7483,12.931,11.189,9.5126,95.2
no,3.5851,9.6217,11.904,6.2827,88.023
no,3.6043,8.4738,10.217,10.169,102.65
no,3.7466,9.2521,9.1125,5.9247,104.15
no,3.4347,8.9983,10.809,9.5947,90.742
no,3.5285,8.2772,7.5025,5.7832,82.44
no,3.8714,9.2475,9.1026,9.2493,92.539
yes,3.7366,11.873,12.469,10.854,121.8
no,4.0135,11.78,12.979,13.034,94.728
no,3.7208,9.6181,9.8194,10.95,100.9
no,3.9914,10.552,7.8016,9.5615,103.85
no,3.5547,10.693,10.03,7.3242,86.602
no,3.7588,8.0423,10.263,7.0838,83.33
no,3.3125,8.5688,13.417,7.0295,77.125
no,3.7719,8.0696,13.507,10.545,97.532
no,3.7752,8.2547,12.222,9.9862,106.82
no,3.6052,9.2768,7.8208,10.211,100.16
no,3.5671,8.669,9.7528,7.4998,92.844
no,3.6438,10.784,11.322,9.6401,100.87
no,3.7898,11.36,10.161,11.065,95.502
no,3.8382,9.4669,9.7344,6.5358,84.25
yes,4.0371,10.052,13.034,9.7998,107.99
no,4.4557,12.297,9.9413,11.738,84.652
no,3.7524,8.7812,11.876,12.318,112.8
no,4.0015,11.759,10.402,8.1142,81.843
no,3.615,11.619,13.523,6.6146,93.59
yes,3.654,12.082,9.0212,13.925,111.92
yes,3.7322,10.462,9.6298,11.135,102.37
no,3.3944,9.1107,8.9936,10.381,98.578
no,3.6567,10.574,11.858,10.43,82.192
no,3.5813,9.0691,8.5027,11.501,78.919
no,3.8137,12.204,5.8925,12.316,91.056
no,3.1981,4.9463,8.5082,9.0738,92.126
no,3.7551,7.5566,8.1127,8.5986,76.961
no,3.8309,9.4158,11.625,8.1634,88.001
yes,3.6557,9.9187,10.499,10.405,114
no,4.1551,8.1702,8.698,10.294,88.457
no,3.9347,6.3704,7.8789,11.237,86.963
yes,3.6739,9.6564,8.9711,10.176,113.63
no,3.5208,8.7317,13.967,10.04,74.362
no,3.8239,9.9312,9.9612,9.0028,128.64
no,3.7756,10.184,14.761,12.368,100.89
yes,3.6277,12.114,12.028,14.119,113.16
no,3.5394,10.085,13.068,11.574,106.76
yes,3.9345,11.936,8.8092,11.218,104.71
yes,3.9915,8.1718,7.2734,9.1236,119.23
no,3.6054,9.6803,7.6321,10.556,92.291
no,3.9696,7.9814,12.02,8.9728,98.432
no,3.6583,9.2581,9.0139,11.957,96.156
no,3.5336,8.9232,9.8401,11.195,88.506
no,3.3898,9.8527,11.306,11.379,104.74
no,3.7724,10.716,6.9442,8.2889,113.34
no,3.8841,11.247,10.872,4.6243,73.669
no,3.9742,11.253,11.811,10.842,119.83
no,3.732,9.0303,10.048,12.626,67.431
yes,3.7792,11.919,10.889,11.112,107.12
no,3.2983,7.4139,9.5932,8.4729,91.31
no,3.6316,11.068,8.7604,8.6217,102.93
no,3.4788,13.397,8.6783,9.9144,107.06
no,3.9642,7.0965,10.728,5.8112,103.85
no,3.4714,12.216,9.7624,8.5642,85.676
yes,3.7404,10.108,7.2317,12.315,102.47
no,3.4329,10.971,10.579,11.847,110.06
yes,3.8889,9.4147,14.607,8.6509,116.64
no,3.8205,12.596,12.63,10.356,102.13
yes,3.6856,10.229,14.338,13.337,118.44
no,3.4314,10.747,6.6844,10.99,91.142
no,3.7052,13.86,6.2284,12.809,112.04
no,3.5286,10.934,9.5967,6.0909,85.861
yes,3.6516,11.137,10.869,11.118,103.05
yes,3.8002,12.305,17.04,11.296,115.6
no,3.8192,6.636,10.726,9.0264,116.68
no,3.4534,5.2427,7.301,14.135,87.25
yes,3.8214,11.374,10.866,14.852,119.71
yes,3.5933,10.392,10.416,10.878,106.61
yes,4.1574,10.966,9.8734,12.299,115.17
yes,3.6146,9.8662,10.737,9.2041,112.78
no,3.3663,7.1027,12.278,11.463,97.581
no,3.8169,11.103,10.71,7.6472,97.133
no,3.5158,8.6458,11.429,11.445,92.694
no,3.532,10.878,11.548,13.914,100.2
no,3.8714,9.6071,9.6406,11.054,112.63
yes,3.7321,9.247,9.0128,9.1757,121.48
yes,3.8093,10.796,10.69,11.847,109.13
no,3.5918,8.3408,12.735,7.4897,108.25
yes,4.0357,11.245,11.532,10.778,114.87
no,3.6577,12.959,9.5719,12.788,100.87
no,3.5352,13.113,11.436,11.21,97.873
no,3.8828,10.985,8.9924,9.6598,103.33
no,3.9099,9.8263,14.98,14.652,94.593
no,3.5579,9.4077,8.5335,8.1533,102.81
no,3.6669,10.092,8.1784,8.9814,88.648
no,3.878,11.38,12.934,9.3233,110.95
no,4.0948,7.71,8.4541,8.4449,87.639
no,3.8844,5.361,10.632,6.4712,94.653
no,3.8453,9.2873,10.519,14.444,106.82
no,3.7595,11.511,9.0076,6.341,103.59
no,3.4878,7.7979,11.053,7.382,84.314
no,3.6716,9.1932,11.976,13.075,85.43
no,3.7641,7.2457,10.653,9.4895,123.15
no,3.8572,7.9482,10.97,8.9492,81.635
no,3.6882,9.9137,11.871,10.183,95.117
no,3.4613,9.7791,8.7089,8.5965,74.358
no,4.0112,10.376,10.696,13.416,95.758
no,3.9028,9.0306,10.048,6.9492,94.662
no,3.6143,8.6259,9.4415,10.536,100.76
no,3.6461,9.2441,10.806,10.932,93.072
yes,3.8767,12.928,12.995,12.158,111.26
yes,3.6384,9.248,11.386,9.7771,108.17
no,3.5786,11.479,9.2212,10.454,85.475
no,3.7198,10.605,9.556,13.907,103.65
no,3.7756,9.6274,9.4463,8.0444,130.7
no,3.7797,10.43,7.5761,7.0336,83.404
no,3.2519,6.7437,8.8363,5.3451,85.895
no,3.7236,7.4987,3.8642,11.592,111.9
no,3.4994,8.2915,11.621,7.4479,107.51
yes,3.9153,10.883,13.672,10.014,119.47
yes,3.7871,8.7107,10.129,12.235,107.11
no,3.6606,9.8854,13.693,10.333,86.503
no,3.7311,11.54,11.638,9.9758,92.124
no,3.9618,11.235,15.701,8.0734,94.66
no,3.0708,8.0311,7.5582,9.551,107.41
no,3.5799,10.365,10.253,10.426,102.61
no,3.3225,8.4733,11.231,12.516,112.06
no,3.5932,8.9441,9.558,6.0778,96.762
no,3.596,7.7023,8.6585,11.033,104.94
yes,3.7448,11.781,12.606,11.425,111.8
no,3.321,9.9044,8.6252,10.797,106.02
no,3.7038,8.9571,11.623,5.5239,93.953
no,3.616,8.123,8.166,6.8846,106.11
no,4.0855,5.9745,12.232,11.371,119.36
no,3.9319,13.228,10.587,10.35,114.45
yes,4.1165,13.012,10.781,11.607,121.53
no,3.8479,13.641,10.192,11.763,95.826
no,3.8911,12.598,10.04,9.2179,100.8
no,3.9234,9.3431,7.6007,7.7339,88.819
no,3.6992,6.9045,9.2704,11.778,74.839
no,3.4327,12.817,8.4758,11.752,81.081
no,3.7226,12.39,12.554,7.9016,112.26
no,3.7342,9.6381,13.876,11.286,91.408
no,3.2748,7.4834,8.3177,11.377,100.25
no,3.6836,12.259,14.028,7.4412,105.83
no,3.5436,8.2706,10.267,10.196,76.072
no,4.2231,10.618,8.8662,6.6708,85.256
no,3.6464,12.185,10.309,11.929,95.104
no,3.2486,11.297,9.6176,12.335,90.575
no,3.734,8.7414,9.9731,9.3764,97.112
yes,3.8498,8.0812,8.5742,9.2015,123.86
yes,3.7752,10.766,10.316,11.706,117.35
no,3.6533,7.4838,9.7606,7.439,121.6
no,3.6101,9.2194,7.8869,10.05,77.154
no,3.3114,13.501,10.443,10.492,120.45
yes,3.851,6.9577,5.6167,9.8302,105.21
no,3.6735,11.404,7.8765,7.4113,94.2
no,4.2168,12.291,13.585,14.476,91.249
no,3.9464,10.379,11.546,14.276,84.3
no,3.7348,9.8421,9.5005,8.35,92.728
no,3.5573,10.952,13.083,6.0428,82.876
no,3.8648,10.678,6.224,7.4867,107.65
no,3.7684,9.0447,10.178,8.7108,99.253
yes,3.8757,9.7267,12.032,9.5551,114.36
yes,3.988,7.55,15.417,11.362,120.7
no,3.7067,11.297,9.242,9.7202,99.275
yes,3.9616,10.324,12.727,12.337,104.42
no,3.707,12.235,11.551,11.612,85.288
no,3.7278,9.5244,8.6387,8.3201,107.47
no,3.3395,8.4977,9.4437,5.8223,104.64
no,3.3686,11.723,8.5845,9.1962,92.534
no,4.0614,10.667,10.017,11.821,89.883
no,3.1566,12.354,10.144,10.005,99.359
no,3.9078,12.498,11.034,7.5826,88.432
no,3.7245,11.313,8.3483,13.663,91.513
no,3.7795,7.0924,8.7319,11.952,102.4
no,3.7844,8.7081,6.6274,11.897,90.139
no,3.3462,8.5989,9.3438,8.2848,81.375
no,3.8412,9.469,11.422,5.4395,116.14
no,3.7769,11.469,6.5558,5.569,81.344
no,3.4028,6.7929,9.6531,8.9994,92.681
no,3.7283,9.0165,6.6838,7.3805,88.767
no,3.2642,10.869,10.837,8.7637,91.966
yes,4.0202,12.443,9.4413,13.438,108.83
no,3.7909,9.5183,10.409,9.8617,104.03
no,3.6272,13.433,11.212,9.8041,103.82
no,3.6632,13.303,10.347,8.5574,80.883
no,3.6675,11.928,9.9687,11.382,87.806
no,3.3487,9.1836,8.6108,7.7168,94.648
no,3.8153,7.2516,11.783,13.573,99.702
no,3.9027,11.365,9.6771,13.375,75.419
no,3.7358,9.1341,8.23,7.6268,87.419
no,3.489,11.281,9.9046,14.003,88.578
no,3.9594,8.7355,10.043,5.951,112.67
no,3.8329,12.259,9.7828,8.4355,106.7
no,3.7993,7.3291,10.385,14.111,107.11
no,3.6013,9.6573,9.4369,10.491,90.351
no,3.9447,8.3636,10.57,9.891,81.608
no,4.018,11.449,9.9465,9.7858,103.15
no,4.149,10.61,12.518,6.2747,88.483
no,3.8181,9.3541,8.6799,7.5175,91.079
yes,4.0405,12.856,5.9718,11.543,123.44
no,4.0455,10.337,9.5686,10.171,96.195
no,3.7811,11.57,13.362,8.9839,81.253
no,3.4893,9.6626,9.6131,8.512,91.88
no,3.6239,10.1,7.0913,5.4492,102.93
no,4.1086,9.7909,10.961,12.173,100.24
no,3.6069,9.3645,11.068,12.077,108.24
no,3.8053,10.543,11.098,10.12,85.737
no,3.5646,11.471,7.516,6.0575,93.303
no,3.6318,9.8039,11.901,9.8525,80.793
no,3.44,11.26,9.1753,6.7494,90.142
no,3.4569,9.363,7.9658,5.0698,118.2
no,4.0126,7.8479,10.566,12.292,100.33
no,3.8511,13.383,10.43,7.1929,86.361
no,3.9957,9.389,12.694,8.2771,103.2
no,3.7953,11.226,9.2529,8.7885,95.367
no,3.6799,11.696,14.728,12.111,115.45
no,3.4674,9.3719,10.764,8.2921,104.52
no,3.6158,11.144,13.901,8.9003,101.49
no,3.5405,12.674,8.3984,11.221,95.098
yes,3.6641,11.779,12.964,9.8928,115.38
yes,4.1771,10.38,12.368,7.1243,116.13
no,3.5669,9.5885,9.7227,7.8967,70.913
no,3.4299,8.0682,9.141,10.728,111.14
yes,3.4258,9.0538,8.1757,10.627,114.38
no,3.7568,11.441,11.362,12.1,101.28
no,3.8719,9.4864,12.029,8.3814,79.955
no,3.8091,9.4082,10.452,11.262,96.507
no,3.6927,10.734,9.2121,11.074,92.502
no,3.941,12.442,13.64,13.438,110.55
no,3.5383,9.526,10.135,4.9889,88.04
no,3.646,6.7062,11.758,13.296,98.503
no,3.1144,9.6851,12.447,12.185,100.67
no,3.3042,9.8739,14.556,12.077,78.405
no,3.7466,10.617,8.7,9.2979,117.15
yes,3.9383,9.3067,9.8969,13.885,100.55
no,3.422,10.556,10.422,8.5938,96.312
no,3.5424,11.239,9.4269,6.9974,80.732
no,4.0083,8.4962,7.2354,9.654,71.839
no,3.6268,9.147,7.194,7.0239,89.76
yes,3.8132,10.644,10.213,10.88,115.18
no,3.9117,9.2727,12.099,8.8075,95.296
yes,3.7219,9.3309,13.219,9.6298,109.39
no,4.0424,10.899,9.1248,12.547,105.13
no,3.9127,7.0091,9.9755,8.1044,81.308
no,3.6504,8.5003,9.2296,10.885,97.386
no,3.6119,10.681,6.3613,7.2108,97.46
no,3.4217,9.0278,8.2932,7.5239,113.66
no,3.5913,12.032,9.1058,8.5329,97.12
no,3.6421,14.858,14.225,15.424,106.21
no,3.7493,9.2558,10.598,6.9306,78.55
no,3.9911,11.263,9.4805,8.6944,113.28
no,4.0381,6.6937,12.038,11.696,95.153
no,3.4634,10.004,9.8251,10.854,88.755
no,4.1585,7.5082,8.3923,7.254,104.86
no,3.4852,10.327,7.9178,10.2,95.905
no,3.452,10.321,9.178,6.7374,117.07
no,3.8678,8.8921,9.0913,9.5087,98.916
no,3.9533,8.9144,12.368,8.9685,94.611
no,3.7028,10.433,9.628,6.7333,71.609
no,3.8364,8.5462,8.4551,10.88,91.712
no,3.581,9.8138,11.376,10.156,99.114
no,3.4533,10.733,10.917,13.577,85.928
no,3.4948,11.109,9.2193,11.011,96.944
no,3.6942,12.463,12.851,9.3824,105.3
no,3.5233,7.6844,9.6546,10.354,100.09
no,3.6664,11.015,9.4218,9.4418,78.275
no,3.6485,7.7716,9.485,8.7286,91.164
no,3.5706,14.405,12.615,12.738,103.74
no,3.9518,10.884,10.919,11.865,95.195
no,3.4662,7.9536,11.202,9.5811,96.457
no,3.9869,12.876,11.482,7.6591,92.678
no,3.6716,7.6414,10.3,9.7949,94.578
no,3.5807,10.339,14.838,8.7654,76.579
yes,3.7989,9.877,10.496,8.3144,114.64
no,3.4775,8.5214,10.494,9.2172,91.109
no,3.9011,9.8598,12.575,12.462,121.25
no,3.7119,10.859,12.9,10.829,100.77
no,3.3687,10.113,10.556,8.5845,76.882
no,3.7422,11.641,12.588,8.8852,117.31
no,3.2497,7.7003,9.1413,8.6746,111.41
no,3.9472,12.733,12.956,11.695,105.69
no,3.393,8.6321,16.163,8.0582,108.3
yes,3.903,11.944,9.8899,12.338,119.63
no,3.4521,12.682,10.74,6.5888,105.04
yes,3.6752,9.5085,7.6086,9.6535,108.55
yes,3.7511,9.7603,12.466,12.674,113.66
no,3.89,10.914,12.81,10.324,115.31
no,3.3941,10.649,8.0962,8.0239,83.153
no,3.7442,10.258,9.1814,10.437,94.537
no,3.587,13.422,16.147,9.5781,88.196
no,3.5756,10.332,17.726,13.034,72.763
no,3.6667,7.8785,7.2754,5.988,72.745
no,4.1336,8.043,11.916,8.7095,87.539
no,3.5652,6.0972,9.1022,11.403,83.231
no,3.5532,9.4492,10.076,5.4036,81.906
no,3.6577,13.904,15.613,10.766,104.3
no,3.9054,9.4496,9.8519,12.588,113.95
no,3.4127,7.6687,9.7087,7.0674,109.39
no,3.8733,7.7383,6.8026,7.7004,83.114
no,3.3847,11.392,12.104,9.9026,95.934
no,3.9917,7.9805,6.65,3.756,92.39
no,3.5614,9.9079,9.8117,7.7269,115.23
yes,3.6515,9.3592,12.529,11.402,98.183
no,3.7869,10.833,8.6633,11.079,98.068
no,3.9057,8.4583,10.493,8.5815,99.526
no,3.5804,9.5725,13.284,8.2928,122.29
yes,3.8006,10.399,12.145,15.393,113.39
no,3.7264,6.8635,8.5542,3.4744,87.171
no,3.6942,11.259,9.4688,12.241,119.48
no,3.8734,11.873,12.389,8.2471,87.232
yes,3.5905,9.5289,14.194,11.428,103.43
no,3.6578,8.7294,9.3893,6.8938,109.14
no,3.4246,11.549,11.46,12.412,89.285
no,3.8808,8.5037,8.9615,10.219,86.762
no,3.6095,10.84,9.799,9.217,120.47
yes,3.6408,9.3574,9.077,10.791,104.66
no,3.5879,10.67,8.6038,6.8404,108.6
no,4.0259,9.1883,10.493,7.396,110.59
no,3.679,8.2428,9.8514,7.9219,82.54
yes,3.816,11.309,10.938,10.278,112.97
no,3.7558,10.413,9.6646,7.6661,92.796
no,3.5482,8.5649,13.718,7.1061,96.445
no,3.6898,10.421,8.1465,11.377,92.505
no,3.601,8.706,9.2615,9.5108,84.876
yes,3.8365,11.098,10.532,12.316,119.78
no,3.9479,7.7793,8.5228,12.258,78.666
no,3.6436,8.5484000000000009,11.941,10.479,98.609
no,4.1005,8.2522,8.7181,9.7152,86.922
yes,3.9509,11.616,10.581,11.987,118.05
no,3.8625,11.435,11.331,13.892,90.23
no,3.9326,10.612,11.55,13.513,99.965
no,3.7247,10.089,10.471,9.1479,77.174
no,3.758,7.6559,11.945,10.732,100.67
no,3.7145,11.289,9.3696,11.088,91.42
no,4.1277,10.8,11.7,6.9356,70.693
no,3.332,10.727,9.0138,9.2476,116.9
no,3.5805,11.147,7.9369,10.026,92.763
no,3.5785,12.838,11.292,11.45,127.63
no,3.7074,11.028,11.595,8.6492,100.59
no,3.5345,6.5043,10.079,7.0292,86.446
yes,3.7191,11.493,6.8215,11.269,113.72
no,3.9051,8.2835,10.99,5.7711,115.63
no,3.8056,9.8697,8.0597,6.6657,113.43
no,3.8397,12.355,11.364,8.4414,80.581
yes,3.8904,11.638,10.9,13.009,102.65
no,3.5414,11.089,10.849,7.0826,85.962
yes,3.6268,10.879,7.4379,9.8964,109.98
no,4.0287,10.652,11.629,10.413,101.88
no,3.9985,5.9141,10.711,10.702,94.158
yes,3.7541,11.816,12.229,13.147,116.53
no,3.976,10.757,12.987,8.9139,91.424
no,3.4991,11.316,6.5162,10.384,109.12
no,3.4289,12.099,7.8924,10.85,87.214
no,3.9197,12.902,12.019,11.313,94.712
no,3.8148,10.405,12.643,8.6428,95.742
no,3.9103,9.7778,12.021,12.957,104.24
no,3.8154,11.769,8.2724,8.129,90.927
yes,3.8975,10.107,13.426,11.085,119.24
no,3.6111,7.1276,8.6817,10.386,91.413
no,3.5069,7.4221,11.972,7.5243,98.85
no,3.9112,9.7296,7.9627,9.2244,73.667
no,3.9796,9.8656,8.1072,8.6293,86.724
no,3.8021,11.045,13.711,12.229,98.351
no,3.5041,10.943,8.4196,7.9736,90.829
no,3.7378,9.4728,14.168,9.8016,99.719
no,3.6744,8.9718,7.9685,8.1635,98.665
no,4.0473,9.6792,8.8113,11.792,86.035
yes,4.0076,11.235,10.285,10.589,112.86
no,3.9444,10.621,9.1506,12.47,93.77
no,3.582,7.9618,11.565,10.863,105.42
no,3.5888,6.844,9.7687,8.6978,97.556
no,3.5774,10.311,10.176,8.4465,81.662
no,3.7683,6.8962,10.64,10.002,82.893
no,3.8305,7.7379,10.91,7.6735,95.031
no,3.1246,9.9985,13.5,8.5784,91.465
no,3.3502,9.8888,10.499,9.2146,97.155
no,3.567,9.1737,10.294,14.956,96.918
no,3.7107,8.4767,10.513,11.067,98.387
no,3.7132,9.2861,12.027,7.0214,84.957
no,3.777,9.8583,9.637,11.649,82.328
yes,3.8272,11.129,14.828,10.894,112.42
no,3.4733,9.6009,10.771,10.751,69.679
no,3.7368,13.834,11.982,12.533,99.444
yes,3.6724,11.862,10.805,10.205,118.38
no,3.5872,11.647,12.214,7.1124,95.168
no,3.941,8.7025,11.415,10.105,88.341
no,3.7683,9.0103,12.36,12.178,104.36
yes,3.7973,10.752,12.446,7.9692,111.98
no,3.6704,12.078,13.21,9.1619,87.844
no,3.4821,10.395,10.885,10.487,86.017
no,3.9433,10.612,13.644,11.613,112.27
no,3.801,10.911,5.7196,12.162,100.81
no,3.6831,7.8071,8.7197,9.694,109.38
no,3.7958,9.809,10.441,13.385,99.502
yes,3.7598,10.669,10.228,14.535,93.872
yes,4.0617,10.25,8.5412,11.634,117.75
yes,3.4748,10.121,11.091,10.234,110.34
yes,3.8368,10.836,10.284,9.4737,102.46
no,3.582,7.898,7.8834,11.87,99.825
no,3.8064,6.6339,9.9174,9.8324,96.87
no,3.4878,8.9353,12.076,6.303,109.86
no,3.5458,10.636,7.6425,12.548,100.36
no,3.9657,9.0092,10.667,8.0166,88.985
no,3.8524,10.745,10.82,12.72,95.451
